{
  "events": [
    {
      "Description": "Come join our Heroes on the Water team for our monthly event at Carpenter's Park in Milton, FL. Enjoy the day of fresh water kayak fishing with some amazing people. You don't have to have your own gear as Heroes on the Water provides all the gear and bait. Our guides will help you along the way. Our team is focused on ensuring that our brothers and sisters are able to go home while leaving their stress out on the water. We will have breakfast snacks, coffee and water before fishing and a picnic lunch after. Although it may not be needed bring a towel. Participants are open to all Military active, retired, or separated, and our First Responders and their families.",
      "Venue": "Carpenter's Park, Milton Fl, Ol Muson Hwy",
      "Name": "Emerald Coast HOW Event",
      "Date": "August 13, 2016",
      "Volunteer_start_time": "6:00am",
      "Start_time": "7:00am"
    },{
      "Description": "The Lowcountry SC Heroes on the Water (HOW) Chapter invites veterans, active duty military and first responders to a day of kayak fishing on Lake Wateree. Join us for our fifth event of the year as we paddle, fish, heal. After a fun filled morning of fishing, lunch will be provided by HOW volunteers. No experience or equipment necessary, Lowcountry SC HOW Chapter will provide everything needed to get our heroes out on the water. Contact us at Lowcountry.sc@heroesonthewater.org for more information about upcoming events or to reserve a kayak for this event!",
      "Venue": "Wateree Recreation Area, 2030 Baron DeKalb Road, Camden, SC",
      "Name": "Lake Wateree HOW Event",
      "Date": "August 13, 2016",
      "Start_time": "8:00am",
      "End_Time": "1:00pm"
    },{
      "Description": "Free kayak fishing event for all era Veterans/Active Duty Military personnel, their family members/caregivers and service pets. Lunch will be provided.",
      "Venue": "1000 Island's",
      "Name": "FL-Central Florida",
      "Date": "August 13, 2016",
      "Start_time": "10:30am",
      "End_Time": "7:00pm"
    },{
      "Description": "Heroes on the Water events are for veterans, active duty military and first responders. This event will be KAYAK FREE. All participants will be floating down the river in an innertube. We will provide for your entry fee to the park, innertube rental, tram fees and lunch. Please bring your own sunblock, bug spray, towels, dry clothes, water toys, etc. ENTER THE RIVER AT YOUR OWN RISK - NO LIFE GUARDS ON DUTY! VETS - Please be mindful when registering friends/family. We encourage your immediate family to participate or you can bring a friend. We ask you to remember that we want to have as many veterans/first responders participate as possible. VOLUNTEERS - Volunteers who have participated in at least 3 events in 2016 are invited to participate until we are at capacity. We will pay for your entry fee to the park, innertube rental, tram fees and lunch. If you bring a guest, please register indicate on your form so we know how many will be eating lunch. Your guests entry fee, tube rental, and tram fees are their responsibility. Directions to the Park: https://www.floridastateparks.org/content/directions-ichetucknee-springs-state-park Tubing Rules of the Park: https://www.floridastateparks.org/sites/default/files/Division%20of%20Recreation%20and%20Parks/documents/Summer%20Directions%20Sheet%20LP.pdf Event Coordinator for NEFL: Melita Ganoe Email questions regarding event to Melita Ganoe at northeastflorida@heroesonthewater.org. Rules: HOW events are ALCOHOL FREE. Food will be provided but you are welcome to bring your own snacks/food/drinks if you have special needs/preferences.",
      "Venue": "Itchetucknee River",
      "Name": "FL - Northeast Florida Chapter",
      "Date": "August 14, 2016",
      "Start_time": "9:00am",
      "End_Time": "2:00pm"
    },{
      "Description": "Need volunteers to help with a mini-event taking some folks form the Warrior Transition Brigade's Community Care Unit. The purpose of this event is to assist the CCU in getting their remotely located soldiers outside and active in adpative sports.",
      "Venue": "Outdoor Recreation ( Ft. Belvoir )",
      "Name": "GW- HOW w/ Ft Belvoir WTB CCU",
      "Date": "August 3, 2016",
      "Start_time": "4:00pm",
      "End_Time": "9:00pm"
    },{
      "Description": "Special Instructions:\n\nWe need several volunteers to help move our gear from one storage unit to another unit.\n\nBoth units are located in the same general location.\n\nThis move should take no longer than 1 - 2 hrs max!\n\nEasy job, just need to have some help!\n\nIf you have any questions, please don't hesitate to ask!\n\nTom VanderHeiden\n\n757-575-5076",
      "Venue": "AAAA Self Storage and Moving - Store 10",
      "Name": "Tidewater Chapter HOW",
      "Date": "August 5, 2016 ",
      "Start_time": "5:30pm",
      "End_Time": "7:30pm"
    }
    ,{
      "Description": "Heroes On The Water - DFW Chapter Outing - Burgher Lake - August 6th. 2016\n******Must be registered for this event:******\nGo To:\nDFWChapter@heroesonthewater.org.\n*****DO NOT Register On FACEBOOK****\nIf you are a veteran or a volunteer and interested in attending the DFW Chapters Heroes On The Water - Events please send us an email with:\n1) Your nam\n2) Phone number\n3) Email address\nYour name will be added to our veterans and volunteers invitation rooster!\n******Must Be Registered To Attend.******\nWe are scheduled back on a fabulous lake well stocked with largemouth bass and every cast has the potential to catch a trophy bass. Burgher Lake has been managed for quality bass fishing, but also has a lot of Crappie. The lake is catch and release only. Now for the details:\nFor Information about this event send an email to DFWChapter@heroesonthewater.org. If you are a veteran and interested in attending the event please send us an email with your name and phone number and email address.\nTime:\n* Saturday April 2nd. 7:30 AM until about 2:00. If the fish are biting, then the time can be extended a bit.\n***** Regestration is Required",
      "Venue": " Burgher Lake, Argyle TX",
      "Name": "TX - DFW Chapter - HOW - Burgher Lake Outing",
      "Date": "August 6, 2016 ",
      "Start_time": "7:30am",
      "End_Time": ""
    }
  ]
}